{"version":"3.0","reportName":"Contact Activity Detail","reportTitle":"Module1","reportType":"TABLE","temporalScope":"REALTIME","profileType":"RAW","metaData":"{\"startDateBoundary\":{\"offsetUnit\":\"DAYS\",\"offset\":0,\"year\":-1,\"month\":-1,\"day\":-1,\"weekday\":-1,\"hour\":0,\"minute\":0},\"endDateBoundary\":{\"offsetUnit\":\"DAYS\",\"offset\":0,\"year\":-1,\"month\":-1,\"day\":-1,\"weekday\":-1,\"hour\":0,\"minute\":0},\"dateRange\":\"REALTIME\",\"dateFilter\":{\"level\":\"NOFILTER\",\"selections\":0},\"compute\":{\"interval\":0,\"unit\":\"MINUTE\",\"window\":{\"size\":1000},\"cumulative\":false},\"recordSelection\":{\"count\":1000},\"columns\":[{\"id\":\"formula-1605844496101\",\"name\":\"dnis__s\",\"alias\":\"DNIS\",\"type\":\"MEASURE\",\"nextDrillDownSegment\":0,\"disableDrillDown\":false,\"storageRecordType\":\"CAR\",\"dataType\":\"STRING\",\"deletable\":true,\"social\":false,\"hiddenOnEmpty\":false,\"formatValue\":{\"display\":\"\"},\"aggregation\":\"VALUE\",\"isLeftSideSource\":false,\"isOperatorNumber\":false,\"conditions\":{\"conjunction\":\"AND\",\"conditions\":[]},\"hidden\":false,\"showSummary\":false,\"isBroadCloudOnly\":false,\"mandateDashboardFilter\":false,\"isNested\":false},{\"id\":\"formula-1610463310855\",\"name\":\"channelType__s\",\"alias\":\"Channel\",\"type\":\"MEASURE\",\"nextDrillDownSegment\":0,\"disableDrillDown\":false,\"storageRecordType\":\"CAR\",\"dataType\":\"STRING\",\"deletable\":true,\"social\":false,\"hiddenOnEmpty\":false,\"formatValue\":{\"display\":\"\"},\"aggregation\":\"VALUE\",\"isLeftSideSource\":false,\"isOperatorNumber\":false,\"conditions\":{\"conjunction\":\"AND\",\"conditions\":[]},\"hidden\":false,\"showSummary\":false,\"isBroadCloudOnly\":false,\"mandateDashboardFilter\":false,\"isNested\":false},{\"id\":\"formula-1605844510773\",\"name\":\"ani__s\",\"alias\":\"ANI\",\"type\":\"MEASURE\",\"nextDrillDownSegment\":0,\"disableDrillDown\":false,\"storageRecordType\":\"CAR\",\"dataType\":\"STRING\",\"deletable\":true,\"social\":false,\"hiddenOnEmpty\":false,\"formatValue\":{\"display\":\"\"},\"aggregation\":\"VALUE\",\"isLeftSideSource\":false,\"isOperatorNumber\":false,\"conditions\":{\"conjunction\":\"AND\",\"conditions\":[]},\"hidden\":false,\"showSummary\":false,\"isBroadCloudOnly\":false,\"mandateDashboardFilter\":false,\"isNested\":false},{\"id\":\"formula-1605844573982\",\"name\":\"queueName__s\",\"alias\":\"Queue\",\"type\":\"MEASURE\",\"nextDrillDownSegment\":0,\"disableDrillDown\":false,\"storageRecordType\":\"CAR\",\"dataType\":\"STRING\",\"deletable\":true,\"social\":false,\"hiddenOnEmpty\":false,\"formatValue\":{\"display\":\"\"},\"aggregation\":\"VALUE\",\"isLeftSideSource\":false,\"isOperatorNumber\":false,\"conditions\":{\"conjunction\":\"AND\",\"conditions\":[]},\"hidden\":false,\"showSummary\":false,\"isBroadCloudOnly\":false,\"mandateDashboardFilter\":false,\"isNested\":false},{\"id\":\"formula-1605844593429\",\"name\":\"currentState__s\",\"alias\":\"State\",\"type\":\"MEASURE\",\"nextDrillDownSegment\":0,\"disableDrillDown\":false,\"storageRecordType\":\"CAR\",\"dataType\":\"STRING\",\"deletable\":true,\"social\":false,\"hiddenOnEmpty\":false,\"formatValue\":{\"display\":\"\"},\"aggregation\":\"VALUE\",\"isLeftSideSource\":false,\"isOperatorNumber\":false,\"conditions\":{\"conjunction\":\"AND\",\"conditions\":[]},\"hidden\":false,\"showSummary\":false,\"isBroadCloudOnly\":false,\"mandateDashboardFilter\":false,\"isNested\":false},{\"id\":\"formula-1605844631677\",\"name\":\"agentName__s\",\"alias\":\"Agent\",\"type\":\"MEASURE\",\"nextDrillDownSegment\":0,\"disableDrillDown\":false,\"storageRecordType\":\"CAR\",\"dataType\":\"STRING\",\"deletable\":true,\"social\":false,\"hiddenOnEmpty\":false,\"formatValue\":{\"display\":\"\"},\"aggregation\":\"VALUE\",\"isLeftSideSource\":false,\"isOperatorNumber\":false,\"conditions\":{\"conjunction\":\"AND\",\"conditions\":[]},\"hidden\":false,\"showSummary\":false,\"isBroadCloudOnly\":false,\"mandateDashboardFilter\":false,\"isNested\":false},{\"id\":\"formula-1622744663204\",\"name\":\"cstts\",\"alias\":\"Value of Activity Start Timestamp\",\"type\":\"MEASURE\",\"nextDrillDownSegment\":0,\"disableDrillDown\":false,\"storageRecordType\":\"CAR\",\"dataType\":\"LONG\",\"deletable\":false,\"social\":false,\"hiddenOnEmpty\":false,\"formatValue\":{\"display\":\"\"},\"aggregation\":\"VALUE\",\"isLeftSideSource\":false,\"isOperatorNumber\":false,\"conditions\":{\"conjunction\":\"AND\",\"conditions\":[]},\"hidden\":true,\"showSummary\":false,\"isBroadCloudOnly\":false,\"mandateDashboardFilter\":false,\"isNested\":false},{\"id\":\"formula-1622744667307\",\"name\":\"formula-1622744667307\",\"alias\":\"Duration\",\"nextDrillDownSegment\":0,\"disableDrillDown\":false,\"storageRecordType\":\"CAR\",\"deletable\":true,\"social\":false,\"hiddenOnEmpty\":false,\"formatValue\":{\"format\":\"D|2|2|2\",\"display\":\"\"},\"formula\":{\"formulaName\":\"formula-1622744667307\",\"leftSide\":\"CURRENT_TIMESTAMP()\",\"rightSide\":\"formula-1622744663204\",\"operator\":\"MINUS\"},\"isLeftSideSource\":false,\"isOperatorNumber\":false,\"hidden\":false,\"showSummary\":false,\"isBroadCloudOnly\":false,\"mandateDashboardFilter\":false,\"isNested\":false}],\"rowSegments\":[],\"columnSegments\":[],\"runModeFilters\":{\"showDurationFilter\":false,\"showIntervalFilter\":false},\"requestFilters\":[],\"profileVariablePosition\":{\"index\":0,\"axis\":\"col\"},\"containerProperties\":{\"renderer\":\"COL_HEAT_MAP\",\"hideSummary\":false,\"borderStyle\":\"solid\",\"hAlign\":\"center\",\"chartType\":\"column\",\"stackType\":\"\",\"gradientFill\":\"none\",\"datalabelRotation\":\"45\",\"datalabels\":\"hide\",\"axisLabels\":\"show\",\"invertedAxes\":\"false\",\"hideTable\":false,\"chartProfileVariables\":[],\"showLegend\":true,\"widthType\":\"auto\",\"width\":800,\"marginLeft\":10,\"marginBottom\":10,\"marginRight\":10,\"marginTop\":10,\"heightType\":\"auto\",\"height\":280,\"borderColor\":\"#FFFFFF\",\"borderWidth\":1,\"backgroundColor\":\"#FFFFFF\"},\"titleStyles\":{\"borderStyle\":\"none\",\"fontStyle\":\"normal\",\"fontWeight\":\"normal\",\"textAlign\":\"center\",\"textDecoration\":\"none\",\"paddingRight\":\"0\",\"paddingLeft\":\"0\",\"paddingBottom\":\"0\",\"paddingTop\":\"0\",\"marginRight\":\"0\",\"marginLeft\":\"0\",\"marginBottom\":\"0\",\"marginTop\":\"0\",\"fontSize\":\"18\",\"fontFamily\":\"\",\"color\":\"#333333\",\"borderColor\":\"#000000\",\"borderWidth\":\"1\",\"backgroundColor\":\"\"},\"sortBy\":[],\"realtime\":{\"type\":\"SNAPSHOT\",\"refreshRate\":1},\"lookback\":{\"duration\":0,\"unit\":\"MINUTES\"},\"detailReport\":false,\"backgroundColor\":\"#ffffff\",\"isPstnSkuApplied\":false,\"social\":false,\"featureFlags\":[],\"isHybrid\":false,\"isCampaignManagerEnabled\":false,\"isBroadCloud\":false,\"isPersonalStatistics\":false}","wxccVersion":2}