{"version":"3.0","reportName":"Queue States","reportTitle":"Module1","reportType":"TABLE","temporalScope":"REALTIME","profileType":"SEGMENTATION","metaData":"{\"startDateBoundary\":{\"offsetUnit\":\"DAYS\",\"offset\":0,\"year\":-1,\"month\":-1,\"day\":-1,\"weekday\":-1,\"hour\":0,\"minute\":0},\"endDateBoundary\":{\"offsetUnit\":\"DAYS\",\"offset\":0,\"year\":-1,\"month\":-1,\"day\":-1,\"weekday\":-1,\"hour\":0,\"minute\":0},\"dateRange\":\"REALTIME\",\"dateFilter\":{\"level\":\"NOFILTER\",\"selections\":0},\"compute\":{\"interval\":0,\"unit\":\"MINUTE\",\"window\":{\"size\":1000},\"cumulative\":false},\"recordSelection\":{\"count\":1000},\"columns\":[{\"id\":\"formula-1648747285913\",\"name\":\"sid\",\"alias\":\"Queued Calls\",\"type\":\"MEASURE\",\"nextDrillDownSegment\":0,\"disableDrillDown\":false,\"dataType\":\"STRING\",\"deletable\":true,\"social\":false,\"hiddenOnEmpty\":false,\"formatValue\":{\"display\":\"\"},\"aggregation\":\"COUNT\",\"isLeftSideSource\":false,\"isOperatorNumber\":false,\"conditions\":{\"conjunction\":\"AND\",\"conditions\":[{\"column\":\"currentState__s\",\"operator\":\"IN\",\"values\":[],\"regexBased\":false,\"isNested\":false}]},\"hidden\":false,\"showSummary\":false,\"isBroadCloudOnly\":false,\"mandateDashboardFilter\":false,\"isNested\":false},{\"id\":\"formula-1648747354739\",\"name\":\"sid\",\"alias\":\"Connected Calls\",\"type\":\"MEASURE\",\"nextDrillDownSegment\":0,\"disableDrillDown\":false,\"dataType\":\"STRING\",\"deletable\":true,\"social\":false,\"hiddenOnEmpty\":false,\"formatValue\":{\"display\":\"\"},\"aggregation\":\"COUNT\",\"isLeftSideSource\":false,\"isOperatorNumber\":false,\"conditions\":{\"conjunction\":\"AND\",\"conditions\":[{\"column\":\"currentState__s\",\"operator\":\"IN\",\"values\":[],\"regexBased\":false,\"isNested\":false}]},\"hidden\":false,\"showSummary\":false,\"isBroadCloudOnly\":false,\"mandateDashboardFilter\":false,\"isNested\":false}],\"rowSegments\":[{\"name\":\"queueName__s\",\"displayName\":\"Final Queue Name\",\"nextDrillDownSegment\":0,\"disableDrillDown\":false,\"dataType\":\"STRING\",\"deletable\":false,\"social\":false,\"hiddenOnEmpty\":false,\"isLeftSideSource\":false,\"isOperatorNumber\":false,\"hidden\":false,\"showSummary\":false,\"isBroadCloudOnly\":false,\"mandateDashboardFilter\":false,\"isNested\":false}],\"columnSegments\":[],\"runModeFilters\":{\"showDurationFilter\":false,\"showIntervalFilter\":false},\"requestFilters\":[{\"column\":\"queueName__s\",\"operator\":\"REGEX\",\"values\":[],\"regexBased\":false,\"isNested\":false}],\"profileVariablePosition\":{\"index\":0,\"axis\":\"col\"},\"containerProperties\":{\"renderer\":\"TABLE\",\"hideSummary\":false,\"borderStyle\":\"solid\",\"hAlign\":\"center\",\"chartType\":\"column\",\"stackType\":\"\",\"gradientFill\":\"none\",\"datalabelRotation\":\"45\",\"datalabels\":\"hide\",\"axisLabels\":\"show\",\"invertedAxes\":\"false\",\"hideTable\":false,\"chartProfileVariables\":[],\"showLegend\":true,\"widthType\":\"auto\",\"width\":800,\"marginLeft\":10,\"marginBottom\":10,\"marginRight\":10,\"marginTop\":10,\"heightType\":\"auto\",\"height\":280,\"borderColor\":\"#FFFFFF\",\"borderWidth\":1,\"backgroundColor\":\"#FFFFFF\"},\"titleStyles\":{\"borderStyle\":\"none\",\"fontStyle\":\"normal\",\"fontWeight\":\"normal\",\"textAlign\":\"center\",\"textDecoration\":\"none\",\"paddingRight\":\"0\",\"paddingLeft\":\"0\",\"paddingBottom\":\"0\",\"paddingTop\":\"0\",\"marginRight\":\"0\",\"marginLeft\":\"0\",\"marginBottom\":\"0\",\"marginTop\":\"0\",\"fontSize\":\"18\",\"fontFamily\":\"\",\"color\":\"#333333\",\"borderColor\":\"#000000\",\"borderWidth\":\"1\",\"backgroundColor\":\"\"},\"sortBy\":[],\"realtime\":{\"type\":\"SNAPSHOT\",\"refreshRate\":1},\"lookback\":{\"duration\":0,\"unit\":\"MINUTES\"},\"detailReport\":false,\"backgroundColor\":\"#ffffff\",\"isPstnSkuApplied\":false,\"social\":false,\"featureFlags\":[],\"isHybrid\":false,\"isCampaignManagerEnabled\":false,\"isBroadCloud\":false,\"isPersonalStatistics\":false}","wxccVersion":2}